{
  "schemaVersion": 1,
  "timestamp": "2026-07-09T02:20:42.483Z",
  "iterations": 10000,
  "warmup": 100,
  "backend": "wal",
  "rowsPerSec": 13141.4635845116,
  "latency": {
    "p50Us": 34.625,
    "p99Us": 207.042,
    "p999Us": 8286.958,
    "avgUs": 75.96117490000012,
    "minUs": 31.25,
    "maxUs": 12258.958
  },
  "hint": "lower latency and higher rowsPerSec are better; this is the steady-state single-writer baseline."
}
