{
  "schemaVersion": 1,
  "timestamp": "2026-07-08T07:42:53.703Z",
  "iterations": 10000,
  "warmup": 100,
  "backend": "wal",
  "rowsPerSec": 18182.69012445824,
  "latency": {
    "p50Us": 22.041,
    "p99Us": 93.291,
    "p999Us": 8905.833,
    "avgUs": 54.91052960000003,
    "minUs": 17.375,
    "maxUs": 15454.709
  },
  "hint": "lower latency and higher rowsPerSec are better; this is the steady-state single-writer baseline."
}
